,Movie,Year,Duration,Rating,Metascore,Votes,Gross Total (Millions)
0,Soul,2020,100,8.1,83,162314,
1,Avengers: Endgame,2019,181,8.4,78,811471,858.37
2,The Wolf of Wall Street,2013,180,8.2,75,1188851,116.9
3,The Gentlemen,2019,113,7.8,51,238378,
4,The Last Picture Show,1971,118,8,93,42525,29.13
5,Parasite,2019,132,8.6,96,554398,53.37
6,Sound of Metal,2019,120,7.8,81,27957,
7,Another Round,2020,117,7.8,81,34760,
8,Once Upon a Time... In Hollywood,2019,161,7.6,83,552315,142.5
9,The Big Short,2015,130,7.8,81,363688,70.26
10,Knives Out,2019,130,7.9,82,455271,165.36
11,The Shawshank Redemption,1994,142,9.3,80,2344517,28.34
12,Harry Potter and the Sorcerer's Stone,2001,152,7.6,64,658629,317.58
13,The Godfather,1972,175,9.2,100,1621475,134.97
14,The Trial of the Chicago 7,2020,129,7.8,77,90784,
15,Young Frankenstein,1974,106,8,80,143462,86.3
16,The Lord of the Rings: The Fellowship of the Ring,2001,178,8.8,92,1662388,315.54
17,1917,2019,119,8.3,78,427056,159.23
18,The Dark Knight,2008,152,9,84,2304527,534.86
19,Interstellar,2014,169,8.6,74,1513598,188.02
20,Joker,2019,122,8.5,59,940765,335.45
21,Avengers: Infinity War,2018,149,8.4,68,835411,678.82
22,Inception,2010,148,8.8,74,2068312,292.58
23,Inglourious Basterds,2009,153,8.3,69,1268751,120.54
24,Goodfellas,1990,146,8.7,90,1021416,46.84
25,Titanic,1997,194,7.8,75,1046711,659.33
26,The Intouchables,2011,112,8.5,57,761017,13.18
27,Pulp Fiction,1994,154,8.9,94,1827265,107.93
28,Blade Runner 2049,2017,164,8,81,462232,92.05
29,The Departed,2006,151,8.5,85,1190489,132.38
30,Jojo Rabbit,2019,108,7.9,58,298543,0.35
31,Fight Club,1999,139,8.8,66,1855847,37.03
32,The Silence of the Lambs,1991,118,8.6,85,1270985,130.74
33,Gone Girl,2014,149,8.1,79,860272,167.77
34,Hamilton,2020,160,8.5,90,55572,
35,The Help,2011,146,8,62,428730,169.71
36,Guardians of the Galaxy,2014,121,8,76,1043930,333.18
37,Thor: Ragnarok,2017,130,7.9,74,588285,315.06
38,Se7en,1995,127,8.6,65,1446029,100.13
39,Schindler's List,1993,195,8.9,94,1214172,96.9
40,The Matrix,1999,136,8.7,73,1677415,171.48
41,Catch Me If You Can,2002,141,8.1,75,833592,164.62
42,Rogue One: A Star Wars Story,2016,133,7.8,65,556969,532.18
43,Star Wars: Episode IV - A New Hope,1977,121,8.6,90,1232105,322.74
44,Gladiator,2000,155,8.5,67,1342137,187.71
45,Mad Max: Fury Road,2015,120,8.1,90,882803,154.06
46,Requiem for a Dream,2000,102,8.3,68,767284,3.64
47,Call Me by Your Name,2017,132,7.9,93,212998,18.1
48,Pride & Prejudice,2005,129,7.8,82,259109,38.41
49,No Country for Old Men,2007,122,8.1,91,857470,74.28
50,Django Unchained,2012,165,8.4,81,1358554,162.81
51,The Girl with the Dragon Tattoo,2011,158,7.8,71,423254,102.52
52,The Lord of the Rings: The Return of the King,2003,201,8.9,94,1643598,377.85
53,Green Book,2018,130,8.2,69,378617,85.08
54,Forrest Gump,1994,142,8.8,82,1810408,330.25
55,Prisoners,2013,153,8.1,70,601596,61
56,Guardians of the Galaxy Vol. 2,2017,136,7.6,67,570421,389.81
57,Little Women,2019,135,7.8,91,143540,108.1
58,Heat,1995,170,8.2,76,577476,67.44
59,The Dark Knight Rises,2012,164,8.4,78,1517053,448.14
60,Dazed and Confused,1993,102,7.6,78,165545,7.99
61,Ford v Ferrari,2019,152,8.1,81,291876,117.62
62,The Prestige,2006,130,8.5,66,1190979,53.09
63,Baby Driver,2017,113,7.6,86,439750,107.83
64,The Irishman,2019,209,7.9,94,325174,7
65,The Princess Bride,1987,98,8,77,394041,30.86
66,Back to the Future,1985,116,8.5,87,1058729,210.61
67,Léon: The Professional,1994,110,8.5,64,1035887,19.5
68,Saving Private Ryan,1998,169,8.6,91,1236561,216.54
69,The Green Mile,1999,189,8.6,61,1148562,136.8
70,"Three Billboards Outside Ebbing, Missouri",2017,115,8.2,88,433050,54.51
71,Terminator 2: Judgment Day,1991,137,8.5,75,995936,204.84
72,Harry Potter and the Deathly Hallows: Part 2,2011,130,8.1,85,764977,381.01
73,The Avengers,2012,143,8,69,1261274,623.28
74,Deadpool,2016,108,8,65,903073,363.07
75,Apocalypse Now,1979,147,8.4,94,606741,83.47
76,Star Wars: Episode VII - The Force Awakens,2015,138,7.9,80,861194,936.66
77,Iron Man,2008,126,7.9,79,940099,318.41
78,Donnie Darko,2001,113,8,88,740333,1.48
79,A Star Is Born,2018,136,7.6,88,334622,215.29
80,Alien,1979,117,8.4,89,788233,78.9
81,Whiplash,2014,106,8.5,88,718163,13.09
82,Room,2015,118,8.1,86,371841,14.68
83,Get Out,2017,104,7.7,85,493241,176.04
84,Snatch,2000,102,8.3,55,782363,30.33
85,Pirates of the Caribbean: The Curse of the Black Pearl,2003,143,8,63,1015390,305.41
86,The Shining,1980,146,8.4,66,898810,44.02
87,Sicario,2015,121,7.6,82,371507,46.89
88,The Hobbit: An Unexpected Journey,2012,169,7.8,58,757622,303
89,The Peanut Butter Falcon,2019,97,7.6,70,66543,13.12
90,The Lord of the Rings: The Two Towers,2002,179,8.7,87,1486334,342.55
91,The Terminator,1984,107,8,84,800019,38.4
92,Jurassic Park,1993,127,8.1,68,868021,402.45
93,American Beauty,1999,122,8.3,84,1070196,130.1
94,The Goonies,1985,114,7.8,62,244547,61.5
95,Almost Famous,2000,122,7.9,90,252703,32.53
96,Predator,1987,107,7.8,45,371502,59.74
97,Shutter Island,2010,138,8.2,63,1130699,128.01
98,Into the Wild,2007,148,8.1,73,573223,18.35
99,The Grand Budapest Hotel,2014,99,8.1,88,708090,59.1
100,One Flew Over the Cuckoo's Nest,1975,133,8.7,83,918557,112
101,Harry Potter and the Goblet of Fire,2005,157,7.7,81,548930,290.01
102,Hacksaw Ridge,2016,139,8.1,71,436326,67.21
103,Deadpool 2,2018,119,7.7,66,478971,324.59
104,Taxi Driver,1976,114,8.2,94,725116,28.26
105,The Last of the Mohicans,1992,112,7.7,76,150526,75.51
106,About Time,2013,123,7.8,55,303273,15.32
107,American Psycho,2000,101,7.6,64,490519,15.07
108,Blade Runner,1982,117,8.1,84,694127,32.87
109,Casino Royale,2006,144,8,80,582415,167.45
110,Star Trek,2009,127,7.9,82,577433,257.73
111,Dark Waters,2019,126,7.6,73,60642,
112,Mission: Impossible - Fallout,2018,147,7.7,86,291430,220.16
113,Wind River,2017,107,7.7,73,205719,33.8
114,Captain America: Civil War,2016,147,7.8,75,664094,408.08
115,The Revenant,2015,156,8,76,706023,183.64
116,The Truman Show,1998,103,8.1,90,940301,125.62
117,Isle of Dogs,2018,101,7.9,82,139260,32.02
118,Avatar,2009,162,7.8,83,1119344,760.51
119,Dallas Buyers Club,2013,117,8,80,441857,27.3
120,Spider-Man: Into the Spider-Verse,2018,117,8.4,87,375729,190.24
121,Dunkirk,2017,106,7.8,94,555474,188.37
122,Bohemian Rhapsody,2018,134,8,49,450698,216.43
123,Zodiac,2007,157,7.7,78,466499,33.08
124,The Social Network,2010,120,7.7,95,625349,96.96
125,The Hateful Eight,2015,168,7.8,68,517471,54.12
126,There Will Be Blood,2007,158,8.2,93,517720,40.22
127,Good Will Hunting,1997,126,8.3,70,862130,138.43
128,The Godfather: Part II,1974,202,9,90,1130654,57.3
129,Moana,2016,107,7.6,81,273005,248.76
130,Star Wars: Episode VI - Return of the Jedi,1983,131,8.3,58,950949,309.13
131,Stardust,2007,127,7.6,66,255106,38.63
132,Kingsman: The Secret Service,2014,129,7.7,60,590642,128.26
133,Citizen Kane,1941,119,8.3,100,403621,1.59
134,Dead Poets Society,1989,128,8.1,79,425812,95.86
135,Batman Begins,2005,140,8.2,70,1308905,206.85
136,Boogie Nights,1997,155,7.9,85,239603,26.4
137,"O Brother, Where Art Thou?",2000,107,7.7,69,286957,45.51
138,Star Wars: Episode V - The Empire Strikes Back,1980,124,8.7,82,1159925,290.48
139,Nightcrawler,2014,117,7.9,76,466492,32.38
140,Mulholland Drive,2001,147,7.9,85,322243,7.22
141,Spirited Away,2001,125,8.6,96,651926,10.06
142,Captain America: The Winter Soldier,2014,136,7.7,70,736590,259.77
143,Fargo,1996,98,8.1,85,617773,24.61
144,The Big Lebowski,1998,117,8.1,71,732967,17.5
145,Watchmen,2009,162,7.6,56,500960,107.51
146,A Clockwork Orange,1971,136,8.3,77,758297,6.21
147,Kill Bill: Vol. 1,2003,111,8.1,69,1001147,70.1
148,Once Upon a Time in America,1984,229,8.4,,311574,5.32
149,The Martian,2015,144,8,80,760434,228.43
150,Logan,2017,137,8.1,77,648316,226.28
151,Harry Potter and the Prisoner of Azkaban,2004,142,7.9,82,552798,249.36
152,12 Angry Men,1957,96,9,96,690366,4.36
153,Memento,2000,113,8.4,80,1126285,25.54
154,Atonement,2007,123,7.8,85,251531,50.93
155,The Usual Suspects,1995,106,8.5,77,991693,23.34
156,The Hunt,2012,115,8.3,77,281913,0.69
157,Coco,2017,105,8.4,81,384823,209.73
158,Inside Man,2006,129,7.6,76,339974,88.51
159,Full Metal Jacket,1987,116,8.3,76,675485,46.36
160,Reservoir Dogs,1992,99,8.3,79,919076,2.83
161,Braveheart,1995,178,8.3,68,959599,75.6
162,Ocean's Eleven,2001,116,7.7,74,516572,183.42
163,Drive,2011,100,7.8,78,571844,35.06
164,A Beautiful Mind,2001,135,8.2,72,849383,170.74
165,American History X,1998,119,8.5,62,1035145,6.72
166,Hidden Figures,2016,127,7.8,74,200978,169.61
167,Portrait of a Lady on Fire,2019,122,8.1,95,63345,3.76
168,Aliens,1986,137,8.3,84,653012,85.16
169,La La Land,2016,128,8,94,506309,151.1
170,Indiana Jones and the Raiders of the Lost Ark,1981,115,8.4,85,884478,248.16
171,The Lion King,1994,88,8.5,88,942593,422.78
172,X-Men: Days of Future Past,2014,132,7.9,75,659951,233.92
173,"The Good, the Bad and the Ugly",1966,178,8.8,90,688799,6.1
174,Inside Out,2015,95,8.1,94,616787,356.46
175,The Fifth Element,1997,126,7.7,52,434252,63.54
176,Brokeback Mountain,2005,134,7.7,87,323231,83.04
177,Oldboy,2003,120,8.4,77,515776,0.71
178,What's Eating Gilbert Grape,1993,118,7.8,73,215138,9.17
179,Toy Story 4,2019,100,7.8,84,203483,434.04
180,Apollo 13,1995,140,7.6,77,269332,173.84
181,Scarface,1983,170,8.3,65,741362,45.6
182,Zootopia,2016,108,8,78,434401,341.27
183,The Hobbit: The Desolation of Smaug,2013,161,7.8,66,601650,258.37
184,Arrival,2016,116,7.9,81,594533,100.55
185,Fried Green Tomatoes,1991,130,7.7,64,66972,82.42
186,Ex Machina,2014,108,7.7,78,474376,25.44
187,Harry Potter and the Deathly Hallows: Part 1,2010,146,7.7,65,479374,295.98
188,Wonder,2017,113,8,66,142065,132.42
189,Harry Potter and the Half-Blood Prince,2009,153,7.6,78,475099,301.96
190,Eternal Sunshine of the Spotless Mind,2004,108,8.3,89,912115,34.4
191,300,2006,117,7.6,52,733070,210.61
192,Howl's Moving Castle,2004,119,8.2,80,334258,4.71
193,The Notebook,2004,123,7.8,53,520504,81
194,Spotlight,2015,129,8.1,93,420601,45.06
195,Ratatouille,2007,111,8,96,642003,206.45
196,The Pianist,2002,150,8.5,85,730126,32.57
197,The Blues Brothers,1980,133,7.9,60,183251,57.23
198,L.A. Confidential,1997,138,8.2,90,532229,64.62
199,The Perks of Being a Wallflower,2012,103,8,67,462445,17.74
200,Life Is Beautiful,1997,116,8.6,59,624034,57.6
201,The Invisible Guest,2016,106,8.1,,141806,
202,The Hangover,2009,100,7.7,73,717767,277.32
203,Die Hard,1988,132,8.2,72,793459,83.01
204,The Imitation Game,2014,114,8,73,685588,91.13
205,City of God,2002,130,8.6,79,699543,7.56
206,Ghostbusters,1984,105,7.8,71,355538,238.63
207,The Sound of Music,1965,172,8,63,205505,163.21
208,Her,2013,126,8,90,541086,25.57
209,The Handmaiden,2016,145,8.1,84,113828,2.01
210,Mulan,1998,88,7.6,71,257015,120.62
211,2001: A Space Odyssey,1968,149,8.3,84,603835,56.95
212,12 Monkeys,1995,129,8,74,578674,57.14
213,The Godfather: Part III,1990,162,7.6,60,360049,66.67
214,Platoon,1986,120,8.1,92,381397,138.53
215,Cool Hand Luke,1967,127,8.1,92,162068,16.22
216,American Gangster,2007,157,7.8,76,392631,130.16
217,V for Vendetta,2005,132,8.2,62,1033176,70.51
218,Shaun of the Dead,2004,99,7.9,76,512430,13.54
219,The Incredibles,2004,115,8,90,657353,261.44
220,Trainspotting,1996,93,8.1,83,634968,16.5
221,Casino,1995,178,8.2,73,466585,42.44
222,Hot Fuzz,2007,121,7.8,81,463639,23.64
223,Black Swan,2010,108,8,79,699907,106.95
224,Jaws,1975,124,8,87,543517,260
225,12 Years a Slave,2013,134,8.1,96,640888,56.67
226,Stand by Me,1986,89,8.1,75,363556,52.29
227,The Boy in the Striped Pajamas,2008,94,7.8,55,190852,9.03
228,Skyfall,2012,143,7.7,81,630771,304.36
229,True Romance,1993,119,7.9,59,206988,12.28
230,Marriage Story,2019,137,7.9,94,246998,2
231,The Sixth Sense,1999,107,8.1,64,911916,293.51
232,Sin City,2005,124,8,74,738602,74.1
233,The Breakfast Club,1985,97,7.8,66,357140,45.88
234,Sherlock Holmes,2009,128,7.6,57,583326,209.03
235,Tombstone,1993,130,7.8,50,126928,56.51
236,Home Alone,1990,103,7.6,63,489020,285.76
237,My Cousin Vinny,1992,120,7.6,68,107379,52.93
238,Out of the Past,1947,97,8,,32805,
239,Fantastic Mr. Fox,2009,87,7.9,83,199867,21
240,Argo,2012,120,7.7,86,572759,136.03
241,Lost in Translation,2003,102,7.7,89,415296,44.59
242,Pan's Labyrinth,2006,118,8.2,98,618894,37.63
243,Your Name.,2016,106,8.4,79,195247,5.02
244,Warrior,2011,140,8.2,71,436126,13.66
245,Captain Fantastic,2016,118,7.9,72,189537,5.88
246,Toy Story,1995,81,8.3,95,887924,191.8
247,The Night of the Hunter,1955,92,8,99,82018,0.65
248,The Lives of Others,2006,137,8.4,89,358894,11.29
249,"Lock, Stock and Two Smoking Barrels",1998,107,8.2,66,535458,3.9
250,Manchester by the Sea,2016,137,7.8,96,247135,47.7
251,Magnolia,1999,188,8,77,289855,22.46
252,Memories of Murder,2003,132,8.1,82,139774,0.01
253,Psycho,1960,109,8.5,97,604552,32
254,WALL·E,2008,98,8.4,95,1000343,223.81
255,Silver Linings Playbook,2012,122,7.7,81,662094,132.09
256,Casablanca,1942,102,8.5,100,522356,1.02
257,Mary Poppins,1964,139,7.8,88,158086,102.27
258,The Thing,1982,109,8.1,57,371469,13.78
259,Capernaum,2018,126,8.4,75,62828,1.66
260,Cast Away,2000,143,7.8,73,524478,233.63
261,The Curious Case of Benjamin Button,2008,166,7.8,70,589435,127.51
262,Star Trek Into Darkness,2013,132,7.7,72,463267,228.78
263,Enter the Dragon,1973,102,7.7,83,96613,25
264,Dr. Strangelove or: How I Learned to Stop Worrying and Love the Bomb,1964,95,8.4,97,450718,0.28
265,Airplane!,1980,88,7.7,78,214970,83.4
266,Up,2009,96,8.2,88,935995,293
267,Training Day,2001,122,7.7,69,390502,76.63
268,Gone Baby Gone,2007,114,7.6,72,250704,20.3
269,Just Mercy,2019,137,7.6,68,46870,
270,Dances with Wolves,1990,181,8,72,240364,184.21
271,Moneyball,2011,133,7.6,87,369802,75.61
272,Finding Nemo,2003,100,8.1,90,950027,380.84
273,Road to Perdition,2002,117,7.7,72,246942,104.45
274,Apocalypto,2006,139,7.8,68,291112,50.87
275,X-Men: First Class,2011,131,7.7,65,645673,146.41
276,Butch Cassidy and the Sundance Kid,1969,110,8,66,201950,102.31
277,Kick-Ass,2010,117,7.6,66,524203,48.07
278,Come and See,1985,142,8.3,,59170,
279,Hunt for the Wilderpeople,2016,101,7.9,81,111584,5.2
280,Serenity,2005,119,7.8,74,283372,25.51
281,Edge of Tomorrow,2014,113,7.9,71,600271,100.21
282,Shrek,2001,90,7.8,84,614177,267.67
283,Red River,1948,133,7.8,,28185,
284,Ferris Bueller's Day Off,1986,103,7.8,61,321497,70.14
285,Incredibles 2,2018,118,7.6,80,250317,608.58
286,Minority Report,2002,145,7.6,80,508582,132.07
287,The Blind Side,2009,129,7.6,53,293404,255.96
288,Raging Bull,1980,129,8.2,89,322043,23.38
289,Groundhog Day,1993,101,8,72,578800,70.91
290,28 Days Later...,2002,113,7.6,73,376983,45.06
291,Chinatown,1974,130,8.1,92,294428,29
292,Crash,2004,112,7.7,66,419583,54.58
293,Amadeus,1984,160,8.3,88,369209,51.97
294,Birdman or (The Unexpected Virtue of Ignorance),2014,119,7.7,87,580538,42.34
295,Blood Diamond,2006,143,8,64,499646,57.37
296,Unforgiven,1992,130,8.2,85,376135,101.16
297,Remember the Titans,2000,113,7.8,48,198178,115.65
298,E.T. the Extra-Terrestrial,1982,115,7.8,91,372614,435.11
299,The Exorcist,1973,122,8,81,362520,232.91
300,Slumdog Millionaire,2008,120,8,84,799086,141.32
301,The Bourne Identity,2002,119,7.9,68,508910,121.66
302,Once Upon a Time in the West,1968,165,8.5,80,303022,5.32
303,The Untouchables,1987,119,7.9,79,281992,76.27
304,Tangled,2010,100,7.7,71,406132,200.82
305,Rocky,1976,120,8.1,70,518849,117.24
306,The Deer Hunter,1978,183,8.1,86,311526,48.98
307,Man on Fire,2004,146,7.7,47,329741,77.91
308,Incendies,2010,130,8.3,80,150168,6.86
309,The Wizard of Oz,1939,102,8,92,371454,2.08
310,Rain Man,1988,133,8,65,473258,178.8
311,Mystic River,2003,138,7.9,84,419592,90.14
312,Searching,2018,102,7.6,71,140972,26.02
313,Captain Phillips,2013,134,7.8,82,421436,107.1
314,The King's Speech,2010,118,8,88,639841,138.8
315,First Blood,1982,93,7.7,61,226621,47.21
316,"Monsters, Inc.",2001,92,8.1,79,815953,289.92
317,Kill Bill: Vol. 2,2004,137,8,83,684223,66.21
318,Midnight in Paris,2011,94,7.7,81,388243,56.82
319,Blue Is the Warmest Colour,2013,180,7.7,89,138820,2.2
320,Office Space,1999,89,7.7,68,241654,10.82
321,It's a Wonderful Life,1946,130,8.6,89,406044,
322,Hell or High Water,2016,102,7.6,88,204292,26.86
323,Amélie,2001,122,8.3,69,704087,33.23
324,True Grit,2010,110,7.6,80,311943,171.24
325,The Graduate,1967,106,8,83,253779,104.95
326,Gone with the Wind,1939,238,8.1,97,290221,198.68
327,Black Hawk Down,2001,144,7.7,74,364351,108.64
328,All the President's Men,1976,138,7.9,84,103133,70.6
329,Children of Men,2006,109,7.9,84,465250,35.55
330,Lion,2016,118,8,69,214107,51.74
331,Indiana Jones and the Last Crusade,1989,127,8.2,65,692639,197.17
332,Big Fish,2003,125,8,58,415336,66.26
333,The Girl with the Dragon Tattoo,2009,152,7.8,76,209028,10.1
334,Primal Fear,1996,129,7.7,47,189838,56.12
335,The Royal Tenenbaums,2001,110,7.6,76,266952,52.36
336,Before Sunrise,1995,101,8.1,77,272455,5.54
337,The Philadelphia Story,1940,112,7.9,96,63572,
338,Misery,1990,107,7.8,75,184827,61.28
339,Taken,2008,90,7.8,51,564923,145
340,Scent of a Woman,1992,156,8,59,264101,63.9
341,The Last Samurai,2003,154,7.7,55,400202,111.11
342,Rear Window,1954,112,8.4,100,444335,36.76
343,Lethal Weapon,1987,109,7.6,68,236961,65.21
344,Princess Mononoke,1997,134,8.4,76,343442,2.38
345,Seven Samurai,1954,207,8.6,98,315937,0.27
346,Downfall,2004,156,8.2,82,331445,5.51
347,What We Do in the Shadows,2014,86,7.7,76,157610,3.33
348,Bridge of Spies,2015,142,7.6,81,287777,72.31
349,Sleepers,1996,147,7.6,49,186808,49.1
350,King Kong,1933,100,7.9,90,79055,10
351,The Game,1997,129,7.8,61,345277,48.32
352,A Few Good Men,1992,138,7.7,62,235496,141.34
353,The Machinist,2004,101,7.7,61,358610,1.08
354,Moonrise Kingdom,2012,94,7.8,84,318943,45.51
355,Back to the Future Part II,1989,108,7.8,57,482117,118.5
356,Little Miss Sunshine,2006,101,7.8,80,439987,59.89
357,Big Hero 6,2014,102,7.8,74,411185,222.53
358,The Bourne Ultimatum,2007,115,8,85,604820,227.47
359,The Others,2001,104,7.6,74,337769,96.52
360,Saw,2004,103,7.6,46,379170,56
361,Blue Velvet,1986,120,7.7,76,181410,8.55
362,JFK,1991,189,8,72,142177,70.41
363,Die Hard with a Vengeance,1995,128,7.6,58,364519,100.01
364,The Theory of Everything,2014,123,7.7,72,404403,35.89
365,Rush,2013,123,8.1,74,433014,26.95
366,The Fighter,2010,116,7.8,79,340747,93.62
367,Willy Wonka & the Chocolate Factory,1971,100,7.8,67,178811,4
368,Sense and Sensibility,1995,136,7.6,84,102660,43.18
369,Straight Outta Compton,2015,147,7.8,72,179316,161.2
370,The Thin Red Line,1998,170,7.6,78,172780,36.4
371,Mad Max 2: The Road Warrior,1981,96,7.6,77,166636,12.47
372,Life of Pi,2012,127,7.9,79,580920,124.99
373,Donnie Brasco,1997,127,7.7,76,279506,41.91
374,Midnight Cowboy,1969,113,7.8,79,101175,44.79
375,3 Idiots,2009,170,8.4,67,344700,6.53
376,The Great Escape,1963,172,8.2,86,224857,12.1
377,Grave of the Fireflies,1988,89,8.5,94,235461,
378,The Butterfly Effect,2004,113,7.6,30,451606,57.94
379,As Good as It Gets,1997,139,7.7,67,275861,148.48
380,The Little Mermaid,1989,83,7.6,88,237794,111.54
381,Creed,2015,133,7.6,82,247781,109.77
382,Million Dollar Baby,2004,132,8.1,86,636240,100.49
383,The Warriors,1979,92,7.6,65,93912,22.49
384,Walk the Line,2005,136,7.8,72,234301,119.52
385,The Apartment,1960,125,8.3,94,164485,18.6
386,Blazing Saddles,1974,93,7.7,73,126036,119.5
387,Blow,2001,124,7.6,52,240787,52.99
388,Deliverance,1972,109,7.7,80,98783,7.06
389,The Sandlot,1993,101,7.8,55,78992,32.42
390,Falling Down,1993,113,7.6,56,171718,40.9
391,Breakfast at Tiffany's,1961,115,7.6,76,166619,
392,How to Train Your Dragon,2010,98,8.1,75,667151,217.58
393,Who Framed Roger Rabbit,1988,104,7.7,83,182055,156.45
394,Edward Scissorhands,1990,105,7.9,74,447502,56.36
395,North by Northwest,1959,136,8.3,98,299368,13.28
396,Aladdin,1992,90,8,86,373976,217.35
397,Togo,2019,113,8,69,37645,
398,Dog Day Afternoon,1975,125,8,86,235760,50
399,Vertigo,1958,128,8.3,100,364598,3.2
400,Zombieland,2009,88,7.6,73,520199,75.59
401,The Pursuit of Happyness,2006,117,8,64,449182,163.57
402,The Count of Monte Cristo,2002,131,7.8,61,129053,54.23
403,Gran Torino,2008,116,8.1,72,720736,148.1
404,Toy Story 3,2010,103,8.2,92,757409,415
405,The Florida Project,2017,111,7.6,92,95282,5.9
406,Barry Lyndon,1975,185,8.1,89,149956,
407,The Naked Gun: From the Files of Police Squad!,1988,85,7.6,76,152948,78.76
408,Malcolm X,1992,202,7.7,73,85882,48.17
409,Lawrence of Arabia,1962,228,8.3,100,268239,44.82
410,Fear and Loathing in Las Vegas,1998,118,7.6,41,259824,10.68
411,Glory,1989,122,7.8,78,122885,26.83
412,The Elephant Man,1980,124,8.1,78,220222,
413,"Paris, Texas",1984,145,8.1,78,91292,2.18
414,Do the Right Thing,1989,120,8,93,89501,27.55
415,"Crouching Tiger, Hidden Dragon",2000,120,7.8,94,253308,128.08
416,Rosemary's Baby,1968,137,8,96,193771,
417,Beauty and the Beast,1991,84,8,95,417299,218.97
418,Monty Python and the Holy Grail,1975,91,8.2,91,501074,1.23
419,My Neighbor Totoro,1988,86,8.2,86,291488,1.11
420,Eastern Promises,2007,100,7.6,82,227837,17.11
421,Gravity,2013,91,7.7,96,769393,274.09
422,After Hours,1985,97,7.7,90,59692,10.6
423,A Silent Voice: The Movie,2016,130,8.1,78,47887,
424,The Secret in Their Eyes,2009,129,8.2,80,193330,6.39
425,Akira,1988,124,8,,165029,0.55
426,The Bourne Supremacy,2004,108,7.7,73,434959,176.24
427,500 Days of Summer,2009,95,7.7,76,472383,32.39
428,The Magnificent Seven,1960,128,7.7,74,87761,4.91
429,Carlito's Way,1993,144,7.9,65,201087,36.95
430,In Bruges,2008,107,7.9,67,390456,7.76
431,Dangal,2016,161,8.4,,156661,12.39
432,This Is Spinal Tap,1984,82,7.9,92,128850,0.19
433,The Fault in Our Stars,2014,126,7.7,69,344436,124.87
434,In the Mood for Love,2000,98,8.1,85,124480,2.73
435,The Fugitive,1993,130,7.8,87,267779,183.88
436,Mr. Nobody,2009,141,7.8,63,216508,0
437,Despicable Me,2010,95,7.6,72,501079,251.51
438,The Boondock Saints,1999,108,7.8,44,227186,0.03
439,The Holy Mountain,1973,114,7.9,76,37212,0.06
440,A Bronx Tale,1993,121,7.8,80,128237,17.27
441,Brazil,1985,132,7.9,84,187636,9.93
442,I Saw the Devil,2010,144,7.8,67,111348,0.13
443,Das Boot,1981,149,8.3,86,231997,11.49
444,Boyhood,2014,165,7.9,100,335620,25.38
445,Cinema Paradiso,1988,155,8.5,80,230931,11.99
446,Gattaca,1997,106,7.8,64,280951,12.34
447,Some Like It Hot,1959,121,8.2,98,244090,25
448,When Harry Met Sally...,1989,95,7.6,76,195751,92.82
449,Shoplifters,2018,121,7.9,93,62846,3.31
450,Enemy at the Gates,2001,131,7.6,53,243820,51.4
451,District 9,2009,112,7.9,81,638358,115.65
452,Moon,2009,97,7.9,67,335249,5.01
453,Wreck-It Ralph,2012,101,7.7,72,380379,189.42
454,The Seventh Seal,1957,96,8.2,88,165091,
455,Philadelphia,1993,125,7.7,66,224266,77.32
456,Y Tu Mamá También,2001,106,7.6,88,115868,13.62
457,Halloween,1978,91,7.7,87,233200,47
458,Stalker,1979,162,8.2,,117080,0.23
459,The Birds,1963,119,7.7,90,171804,11.4
460,The Color Purple,1985,154,7.8,78,78360,98.47
461,Singin' in the Rain,1952,103,8.3,99,219092,8.82
462,Only the Brave,2017,134,7.6,72,58418,18.34
463,Empire of the Sun,1987,153,7.7,62,115726,22.24
464,Kramer vs. Kramer,1979,105,7.8,77,133411,106.26
465,Roma,2018,135,7.7,96,140494,
466,Boyz n the Hood,1991,112,7.8,76,126149,57.5
467,The Skin I Live In,2011,120,7.6,70,139014,3.19
468,Close Encounters of the Third Kind,1977,138,7.6,90,185058,132.09
469,Match Point,2005,124,7.6,72,206353,23.09
470,Dogville,2003,178,8,60,138010,1.53
471,3:10 to Yuma,2007,122,7.7,76,288909,53.61
472,Gifted,2017,101,7.6,60,99733,24.8
473,Klaus,2019,96,8.2,65,105008,
474,Battle Royale,2000,114,7.6,81,169128,
475,End of Watch,2012,109,7.6,68,228199,41
476,Lost Highway,1997,134,7.6,52,131191,3.8
477,Awakenings,1990,121,7.8,74,125372,52.1
478,Toy Story 2,1999,92,7.9,88,527777,245.85
479,Hachi: A Dog's Tale,2009,93,8.1,,253754,
480,To Kill a Mockingbird,1962,129,8.2,88,293950,
481,The Wrestler,2008,109,7.9,80,289485,26.24
482,Wild Tales,2014,122,8.1,77,177197,3.11
483,Dark City,1998,100,7.6,66,187974,14.38
484,La Haine,1995,98,8.1,,150482,0.31
485,Rebecca,1940,130,8.1,86,124012,4.36
486,Before Sunset,2004,80,8.1,90,236457,5.82
487,Bonnie and Clyde,1967,111,7.8,86,102458,
488,Changeling,2008,141,7.7,63,239288,35.74
489,Being John Malkovich,1999,113,7.7,90,312635,22.86
490,Adaptation.,2002,115,7.7,83,178642,22.25
491,The Sting,1973,129,8.3,83,241633,159.6
492,Metropolis,1927,153,8.3,98,160099,1.24
493,Ponyo,2008,101,7.7,86,125450,15.09
494,Papillon,1973,151,8,58,121665,53.27
495,The Ten Commandments,1956,220,7.9,,63583,93.74
496,Planet of the Apes,1968,112,8,79,165205,33.4
497,Doctor Zhivago,1965,197,8,69,69918,111.72
498,The Jungle Book,1967,78,7.6,65,166479,141.84
499,The Raid: Redemption,2011,101,7.6,73,190587,4.11
500,Dawn of the Planet of the Apes,2014,130,7.6,79,411690,208.55
501,Spartacus,1960,197,7.9,87,124395,30
502,Coraline,2009,100,7.7,80,197845,75.29
503,Billy Elliot,2000,110,7.7,74,126812,22
504,The Insider,1999,157,7.8,84,159941,28.97
505,Goldfinger,1964,110,7.7,87,174184,51.08
506,October Sky,1999,108,7.8,71,82883,32.48
507,Short Term 12,2013,96,8,82,81804,1.01
508,The Conversation,1974,113,7.8,85,98705,4.42
509,Sunset Blvd.,1950,110,8.4,,201769,
510,The French Connection,1971,104,7.7,94,110128,15.63
511,The Illusionist,2006,110,7.6,68,354826,39.87
512,Blood Simple,1984,99,7.6,82,87799,2.15
513,The Searchers,1956,119,7.9,94,80357,
514,Ghost in the Shell,1995,83,8,76,129299,0.52
515,Before Midnight,2013,109,7.9,94,141534,8.11
516,In the Name of the Father,1993,133,8.1,84,156951,25.01
517,The Lego Movie,2014,100,7.7,83,324059,257.76
518,7 Kogustaki Mucize,2019,132,8.3,,34124,
519,Charade,1963,113,7.9,83,68737,13.47
520,Ben-Hur,1959,212,8.1,90,219593,74.7
521,Lord of War,2005,122,7.6,62,294218,24.15
522,The Last Emperor,1987,163,7.7,76,94389,43.98
523,A Separation,2011,123,8.3,95,220145,7.1
524,The Right Stuff,1983,193,7.8,91,56251,21.5
525,The Name of the Rose,1986,130,7.7,54,102070,7.15
526,The Man from Earth,2007,87,7.9,,174187,
527,Perfect Blue,1997,81,8,,58259,0.78
528,Monty Python's Life of Brian,1979,94,8.1,77,367444,20.05
529,In the Heat of the Night,1967,110,7.9,75,67833,24.38
530,Let the Right One In,2008,114,7.9,82,205650,2.12
531,A Streetcar Named Desire,1951,122,8,97,99235,8
532,Nausicaä of the Valley of the Wind,1984,117,8.1,86,151046,0.5
533,"Blood In, Blood Out",1993,180,8,47,28833,4.5
534,Ordinary People,1980,124,7.7,86,47132,54.8
535,The Best Offer,2013,131,7.8,49,108452,0.09
536,The Ladykillers,1955,91,7.7,91,26480,
537,Hara-Kiri,1962,133,8.6,85,42115,
538,Kiki's Delivery Service,1989,103,7.8,83,124335,
539,The Artist,2011,100,7.9,89,230685,44.67
540,Paddington 2,2017,103,7.8,88,61649,40.44
541,Paths of Glory,1957,88,8.4,90,178242,
542,Ip Man,2008,106,8,59,211493,
543,Annie Hall,1977,93,8,92,251900,39.2
544,Castle in the Sky,1986,125,8,78,150261,
545,Chungking Express,1994,102,8.1,77,63195,0.6
546,On the Waterfront,1954,108,8.1,91,142203,9.6
547,The Maltese Falcon,1941,100,8,96,148976,2.11
548,Escape from Alcatraz,1979,112,7.6,76,121806,43
549,Kung Fu Hustle,2004,99,7.7,78,127301,17.11
550,How to Train Your Dragon 2,2014,102,7.8,76,305757,177
551,Gandhi,1982,191,8,79,217725,52.77
552,Amores Perros,2000,154,8.1,83,223819,5.38
553,Dead Man's Shoes,2004,90,7.6,52,49742,0.01
554,Seven Pounds,2008,123,7.6,36,286868,69.95
555,Solaris,1972,167,8.1,90,81106,
556,A Fistful of Dollars,1964,99,8,65,198329,14.5
557,Rushmore,1998,93,7.7,86,169285,17.11
558,The Verdict,1982,129,7.7,77,36111,54
559,Dirty Harry,1971,102,7.7,90,143338,35.9
560,"Synecdoche, New York",2008,124,7.6,67,83207,3.08
561,Fiddler on the Roof,1971,181,8,67,39512,80.5
562,The Straight Story,1999,112,8,86,82068,6.2
563,Andhadhun,2018,139,8.3,,71989,1.37
564,Sing Street,2016,106,7.9,79,85162,3.24
565,Serpico,1973,130,7.7,87,110009,29.8
566,Soorarai Pottru,2020,153,8.6,,55219,
567,The Nightmare Before Christmas,1993,76,8,82,300330,75.08
568,Persona,1966,83,8.1,86,103326,
569,Naked,1993,132,7.8,84,34658,1.77
570,Glengarry Glen Ross,1992,100,7.7,82,95872,10.73
571,For a Few Dollars More,1965,132,8.3,74,232928,15
572,The Fall,2006,117,7.9,64,107301,2.28
573,Three Colors: Red,1994,99,8.1,100,90818,4.04
574,God's Own Country,2017,104,7.7,85,25224,0.34
575,The Body,2012,112,7.6,,57606,
576,Hotel Rwanda,2004,121,8.1,79,334450,23.53
577,Funny Games,1997,108,7.6,69,65091,
578,Mother,2009,129,7.8,79,52838,0.55
579,The Dirty Dozen,1967,150,7.7,73,67215,45.3
580,The Last King of Scotland,2006,123,7.7,74,175416,17.61
581,The King of Comedy,1982,109,7.8,73,88597,2.5
582,"Planes, Trains & Automobiles",1987,93,7.6,72,124818,49.53
583,Like Stars on Earth,2007,165,8.4,,169047,1.22
584,Miller's Crossing,1990,115,7.7,66,125870,5.08
585,My Fair Lady,1964,170,7.8,95,86556,72
586,8½,1963,138,8,91,108880,0.05
587,Ran,1985,162,8.2,96,112613,4.14
588,Tumbbad,2018,104,8.3,,27851,
589,Network,1976,121,8.1,83,144976,
590,Mississippi Burning,1988,128,7.8,65,88245,34.6
591,Rebel Without a Cause,1955,111,7.7,89,83417,
592,This Is England,2006,101,7.7,86,115619,0.33
593,Hero,2002,120,7.9,85,174036,53.71
594,21 Grams,2003,124,7.6,70,224611,16.29
595,The Wind Rises,2013,126,7.8,83,73762,5.21
596,The Bridge on the River Kwai,1957,161,8.1,87,203564,44.91
597,The Remains of the Day,1993,134,7.8,84,66112,22.95
598,Star Trek II: The Wrath of Khan,1982,113,7.7,67,112738,78.91
599,The Hustler,1961,134,8,90,75080,8.28
600,Sling Blade,1996,135,8,84,86864,24.48
601,Ray,2004,152,7.7,73,138420,75.33
602,The Mirror,1975,107,8.1,80,40152,0.18
603,Barton Fink,1991,116,7.7,69,113277,6.15
604,I Am Sam,2001,132,7.7,28,142914,40.31
605,Ed Wood,1994,127,7.8,70,164977,5.89
606,Pride,2014,119,7.8,79,51862,
607,Me and Earl and the Dying Girl,2015,105,7.7,74,123263,6.74
608,M,1931,99,8.3,,143533,0.03
609,Cinderella Man,2005,144,8,69,176203,61.65
610,Evil Dead II,1987,84,7.8,72,148406,5.92
611,Clerks,1994,92,7.7,70,211486,3.15
612,Three Colors: Blue,1993,94,7.9,85,89923,1.32
613,Dawn of the Dead,1978,127,7.9,71,111537,5.1
614,50/50,2011,100,7.6,72,315469,35.01
615,The Outlaw Josey Wales,1976,135,7.8,69,65697,31.8
616,The Iron Giant,1999,86,8,85,172163,23.16
617,The Third Man,1949,93,8.1,97,158830,0.45
618,Finding Neverland,2004,106,7.6,67,198720,51.68
619,The Celebration,1998,105,8,82,78377,1.65
620,My Left Foot,1989,103,7.9,97,68125,14.74
621,Rio Bravo,1959,141,8,93,56334,12.54
622,Kubo and the Two Strings,2016,101,7.8,84,118090,48.02
623,Badlands,1973,94,7.8,93,66040,
624,Flipped,2010,90,7.7,45,81478,1.75
625,The Great Beauty,2013,141,7.8,86,81160,2.85
626,The Man Who Shot Liberty Valance,1962,123,8.1,94,68873,
627,The Raid 2,2014,150,8,71,114355,2.63
628,Night of the Living Dead,1968,96,7.9,89,116600,0.09
629,Midnight Express,1978,121,7.6,59,73695,35
630,Dancer in the Dark,2000,140,8,61,102323,4.18
631,Witness for the Prosecution,1957,116,8.4,,108975,8.18
632,From Here to Eternity,1953,118,7.6,85,43404,30.5
633,La Dolce Vita,1960,174,8,95,66649,19.52
634,High Noon,1952,85,7.9,89,97257,9.45
635,The Hurricane,1999,146,7.6,74,91596,50.67
636,Dial M for Murder,1954,105,8.2,75,158477,0.01
637,My Name Is Khan,2010,165,8,50,98609,4.02
638,Mommy,2014,139,8.1,74,50738,3.49
639,The Wild Bunch,1969,135,7.9,97,77425,12.06
640,Nosferatu,1922,94,7.9,,88832,
641,Detachment,2011,98,7.7,52,77108,0.07
642,Beasts of No Nation,2015,137,7.7,79,73998,0.08
643,Mary and Max,2009,92,8.1,,164532,
644,All About Eve,1950,138,8.2,98,120611,0.01
645,Cabaret,1972,124,7.8,80,48357,42.77
646,Roman Holiday,1953,118,8,78,127300,
647,Whisper of the Heart,1995,111,7.9,75,52010,
648,Rashomon,1950,88,8.2,98,152696,0.1
649,The Long Goodbye,1973,112,7.6,87,26354,0.96
650,Modern Times,1936,87,8.5,96,218038,0.16
651,Double Indemnity,1944,107,8.3,95,143626,5.72
652,Being There,1979,130,8,83,65649,30.18
653,The Secret World of Arrietty,2010,94,7.6,80,81015,19.2
654,A Christmas Story,1983,93,7.9,77,132979,20.61
655,Days of Heaven,1978,94,7.8,93,52885,
656,Patton,1970,172,7.9,91,93753,61.7
657,The Great Dictator,1940,125,8.4,,203287,0.29
658,The Killing,1956,84,8,91,81740,
659,Winter Sleep,2014,196,8.1,88,46578,0.17
660,Breaking the Waves,1996,159,7.8,76,62456,4.04
661,The Muppet Movie,1979,95,7.6,74,32814,76.66
662,Kelly's Heroes,1970,144,7.6,50,45347,1.38
663,Victoria,2015,138,7.6,77,52947,
664,The Killing Fields,1984,141,7.8,76,51599,34.7
665,All That Jazz,1979,123,7.9,72,28240,37.82
666,Philomena,2013,98,7.6,77,94241,37.71
667,A Little Princess,1995,97,7.7,83,32253,10.02
668,What Ever Happened to Baby Jane?,1962,134,8.1,75,50079,4.05
669,Wings of Desire,1987,128,8,79,64766,3.33
670,The Bridges of Madison County,1995,135,7.6,69,73214,71.52
671,Paprika,2006,90,7.7,81,71424,0.88
672,Song of the Sea,2014,93,8.1,85,51724,0.86
673,Once,2007,86,7.8,88,110682,9.44
674,Gangs of Wasseypur,2012,321,8.2,89,82435,
675,Fantasia,1940,125,7.7,96,88700,76.41
676,Yojimbo,1961,110,8.2,,111352,
677,PK,2014,153,8.1,,163198,10.62
678,Sabrina,1954,113,7.7,72,59434,
679,The Double Life of Véronique,1991,98,7.8,86,42420,2
680,Fallen Angels,1995,99,7.7,71,26471,
681,Breathless,1960,90,7.8,,73295,0.34
682,Lucky Number Slevin,2006,110,7.7,53,299572,22.49
683,The Taking of Pelham One Two Three,1974,104,7.7,68,26748,
684,Rope,1948,80,8,73,129852,
685,K.G.F: Chapter 1,2018,156,8.2,,36772,
686,Time of the Gypsies,1988,142,8.2,,26463,0.28
687,Harold and Maude,1971,91,7.9,62,70858,
688,Neon Genesis Evangelion: The End of Evangelion,1997,87,8.1,,38920,
689,Guess Who's Coming to Dinner,1967,108,7.8,63,39665,56.7
690,Amour,2012,127,7.9,94,93136,6.74
691,Baahubali: The Beginning,2015,159,8,,103020,6.74
692,Where Eagles Dare,1968,158,7.7,63,51926,
693,Belle de Jour,1967,100,7.7,,40299,0.03
694,Blow-Up,1966,111,7.6,82,56541,
695,The Day of the Jackal,1973,143,7.8,80,37461,16.06
696,The Kid,1921,68,8.3,,113408,5.45
697,A Prophet,2009,155,7.9,90,93584,2.08
698,La Vie En Rose,2007,140,7.6,66,82805,10.3
699,Bicycle Thieves,1948,89,8.3,,146552,0.33
700,Dead Man,1995,121,7.6,62,90482,1.04
701,The Day the Earth Stood Still,1951,92,7.7,,76326,
702,The Man from Nowhere,2010,119,7.8,,62887,0.01
703,Run Lola Run,1998,80,7.6,77,188373,7.27
704,Hamlet,1996,242,7.7,,36006,4.41
705,Drishyam,2015,163,8.2,,70466,0.74
706,Wild Strawberries,1957,91,8.2,88,96476,
707,Anatomy of a Murder,1959,161,8,95,59866,11.9
708,The Quiet Man,1952,129,7.7,,34693,10.55
709,The Thin Man,1934,91,8,86,26664,
710,Manhattan,1979,96,7.9,83,131467,45.7
711,Tangerines,2013,87,8.2,73,40437,0.14
712,25th Hour,2002,135,7.6,68,169750,13.06
713,Bringing Up Baby,1938,102,7.8,91,55193,
714,Giant,1956,201,7.6,84,34106,
715,It Happened One Night,1934,105,8.1,87,94097,4.36
716,Judgment at Nuremberg,1961,179,8.2,60,69512,
717,A Man Called Ove,2015,116,7.7,70,47471,3.36
718,High and Low,1963,143,8.4,,34445,
719,Letters from Iwo Jima,2006,141,7.9,89,154045,13.76
720,The Manchurian Candidate,1962,126,7.9,94,71144,
721,Short Cuts,1993,188,7.7,79,42281,6.11
722,Fanny and Alexander,1982,188,8.1,100,57804,4.97
723,The Diving Bell and the Butterfly,2007,112,8,92,103331,5.99
724,Porco Rosso,1992,94,7.7,83,77874,
725,Nebraska,2013,115,7.7,87,112336,17.65
726,Notorious,1946,102,7.9,100,92345,10.46
727,The Big Sleep,1946,114,7.9,,78817,6.54
728,The Man Who Would Be King,1975,129,7.8,91,44937,
729,Withnail & I,1987,107,7.7,84,40409,1.54
730,Pink Floyd: The Wall,1982,95,8.1,47,76096,22.24
731,His Girl Friday,1940,92,7.9,,53689,0.3
732,The Tenant,1976,126,7.7,71,39908,1.92
733,The African Queen,1951,105,7.7,91,71504,0.54
734,Perfect Strangers,2016,96,7.8,,57211,
735,City Lights,1931,87,8.5,99,167958,0.02
736,Paper Moon,1973,102,8.1,77,42303,30.93
737,Who's Afraid of Virginia Woolf?,1966,131,8,75,68949,
738,Once Were Warriors,1994,102,7.9,77,31604,2.2
739,"Spring, Summer, Fall, Winter... and Spring",2003,103,8,85,77548,2.38
740,Black Book,2006,145,7.7,71,72668,4.4
741,The Longest Day,1962,178,7.8,75,52154,39.1
742,Strangers on a Train,1951,101,7.9,88,123386,7.63
743,Happiness,1998,134,7.7,81,66424,2.81
744,Ikiru,1952,143,8.3,,68552,0.06
745,The Chaser,2008,125,7.8,64,58511,
746,Touch of Evil,1958,95,8,99,98464,2.24
747,Zulu,1964,138,7.7,77,36010,
748,Watership Down,1978,91,7.6,64,33671,
749,A Hard Day's Night,1964,87,7.6,96,40366,13.78
750,Mr. Smith Goes to Washington,1939,129,8.1,73,107068,9.6
751,Frost/Nixon,2008,122,7.7,80,103357,18.59
752,Hannah and Her Sisters,1986,107,7.9,90,67200,40.08
753,"I, Daniel Blake",2016,100,7.9,78,53861,0.26
754,The Adventures of Robin Hood,1938,102,7.9,97,47188,3.98
755,Andrei Rublev,1966,205,8.1,,47006,0.1
756,Repulsion,1965,105,7.7,91,48910,
757,Fantastic Planet,1973,72,7.8,73,25259,0.19
758,The 400 Blows,1959,99,8.1,,105379,
759,Children of Heaven,1997,89,8.3,77,65415,0.93
760,"Aguirre, the Wrath of God",1972,95,7.9,,52429,
761,East of Eden,1955,118,7.9,72,40347,
762,Loving Vincent,2017,94,7.8,62,50809,6.74
763,Delicatessen,1991,99,7.6,66,80514,1.79
764,The Conformist,1970,113,8,100,27090,0.54
765,Fitzcarraldo,1982,158,8.1,,31619,
766,Le Samouraï,1967,101,8.1,,45469,0.04
767,Stagecoach,1939,96,7.8,93,43655,
768,The Tale of The Princess Kaguya,2013,137,8,89,38786,1.51
769,A Man for All Seasons,1966,120,7.7,72,31248,28.35
770,The Grapes of Wrath,1940,129,8,96,85570,0.06
771,Infernal Affairs,2002,101,8,75,117893,0.17
772,When Marnie Was There,2014,103,7.7,72,32842,0.77
773,Three Colors: White,1994,92,7.6,88,64448,1.46
774,Waking Life,2001,99,7.8,83,60705,2.89
775,The White Ribbon,2009,144,7.8,82,68735,2.22
776,Dil Bechara,2020,101,7.9,,111564,
777,The Wave,2008,107,7.6,,102770,
778,The Treasure of the Sierra Madre,1948,126,8.2,98,114381,5.01
779,The Secret of Kells,2009,75,7.6,81,31802,0.69
780,Frankenstein,1931,70,7.8,91,65367,
781,On Golden Pond,1981,109,7.6,68,27660,119.29
782,The Lady Vanishes,1938,96,7.8,98,47426,
783,Talk to Her,2002,112,7.9,86,104731,9.28
784,Death Note,2006,126,7.7,,28632,
785,The Legend of 1900,1998,169,8.1,58,59047,0.26
786,All About My Mother,1999,101,7.8,87,89101,8.26
787,The Motorcycle Diaries,2004,126,7.8,75,96722,16.76
788,Vikram Vedha,2017,147,8.4,,28458,
789,Adam's Apples,2005,94,7.8,51,45743,0
790,Freaks,1932,64,7.9,80,42127,
791,Mysterious Skin,2004,105,7.6,73,65956,0.7
792,Open Your Eyes,1997,119,7.7,,64105,0.37
793,The Lion in Winter,1968,134,7.9,,29009,22.28
794,Ninja Scroll,1993,94,7.9,,34548,
795,Leviathan,2014,140,7.6,92,49406,1.09
796,Eyes Without a Face,1960,90,7.7,90,27641,0.05
797,Cat on a Hot Tin Roof,1958,108,8,84,45084,17.57
798,The Best Years of Our Lives,1946,170,8,93,57287,23.65
799,3-Iron,2004,88,8,72,50629,0.24
800,The Vanishing,1988,107,7.7,,33996,
801,Gilda,1946,110,7.7,,28002,
802,Good Bye Lenin!,2003,121,7.7,68,138017,4.06
803,Hedwig and the Angry Inch,2001,95,7.7,85,31966,3.03
804,Lupin the 3rd: Castle of Cagliostro,1979,102,7.7,71,27033,
805,Sympathy for Mr. Vengeance,2002,129,7.6,56,62688,0.05
806,A Very Long Engagement,2004,133,7.6,76,70940,6.17
807,Autumn Sonata,1978,99,8.2,,26941,
808,Night on Earth,1991,129,7.8,68,55393,2.02
809,Secrets & Lies,1996,136,8,91,37587,13.42
810,The Little Prince,2015,108,7.7,70,56746,1.34
811,The Cabinet of Dr. Caligari,1920,67,8.1,,57452,
812,Rang De Basanti,2006,167,8.2,,111997,2.2
813,"South Park: Bigger, Longer & Uncut",1999,81,7.7,73,192153,52.04
814,Once Upon a Time in Anatolia,2011,157,7.9,82,42025,0.14
815,The Message,1976,177,8.2,,43892,
816,Tokyo Story,1953,136,8.2,,53217,
817,Control,2007,122,7.7,78,61629,0.87
818,Lagaan: Once Upon a Time in India,2001,224,8.1,84,105114,0.07
819,Lilya 4-Ever,2002,109,7.8,82,42687,0.18
820,Loveless,2017,127,7.6,86,29784,0.57
821,Batman: Mask of the Phantasm,1993,76,7.8,,43712,5.62
822,All Quiet on the Western Front,1930,152,8,91,57332,3.27
823,Land of Mine,2015,100,7.8,75,35564,0.44
824,Shine,1996,105,7.7,87,51366,35.81
825,After the Wedding,2006,120,7.7,78,32015,0.41
826,The Invisible Man,1933,71,7.7,87,30701,
827,Arsenic and Old Lace,1942,118,8,,65121,
828,In a Lonely Place,1950,94,8,,26804,
829,The Salesman,2016,124,7.8,85,51318,2.4
830,Shadow of a Doubt,1943,108,7.8,94,59584,
831,The 39 Steps,1935,86,7.6,93,51883,
832,Down by Law,1986,107,7.8,75,47852,1.44
833,Elite Squad,2007,115,8,33,98121,0.01
834,Rififi,1955,118,8.2,97,28871,0.06
835,The Wages of Fear,1953,131,8.1,85,54624,
836,Laura,1944,88,8,,42746,4.36
837,The Battle of Algiers,1966,121,8.1,96,53136,0.06
838,Throne of Blood,1957,110,8.1,,46725,
839,The Gold Rush,1925,95,8.2,,101149,5.45
840,The Bandit,1996,128,8.2,,64160,
841,The Station Agent,2003,89,7.6,81,67386,5.74
842,Ivan's Childhood,1962,84,8.1,,31773,
843,Scarface,1932,93,7.8,87,25325,
844,Invasion of the Body Snatchers,1956,80,7.7,92,44861,
845,Cowboy Bebop: The Movie,2001,115,7.9,61,42919,1
846,Kagemusha,1980,162,8,84,32216,
847,Ayla: The Daughter of War,2017,125,8.4,,34147,
848,Evil,2003,113,7.8,61,35693,0.02
849,Head-On,2004,121,7.9,78,51335,
850,My Sassy Girl,2001,137,8,,45414,
851,The Broken Circle Breakdown,2012,111,7.7,70,39387,0.18
852,Stalag 17,1953,120,8,84,51056,
853,Zindagi Na Milegi Dobara,2011,155,8.1,,67964,3.11
854,The Hidden Fortress,1958,126,8.1,,34843,
855,Crimes and Misdemeanors,1989,104,7.9,77,54690,18.25
856,The World's Fastest Indian,2005,127,7.8,68,51989,5.13
857,The Sea Inside,2004,126,8,74,77579,2.09
858,The Red Shoes,1948,135,8.1,,30957,10.9
859,Wolf Children,2012,117,8.1,71,38839,
860,Cape Fear,1962,106,7.7,76,26465,
861,Duck You Sucker,1971,138,7.6,77,30162,0.7
862,The Bride of Frankenstein,1935,75,7.8,95,43563,4.36
863,Gully Boy,2019,154,8,65,31908,5.57
864,Darbareye Elly,2009,119,8,87,45865,0.11
865,The Experiment,2001,120,7.7,60,90860,0.14
866,Cries & Whispers,1972,91,8.1,,30229,1.74
867,Amarcord,1973,123,7.9,,39913,
868,Persepolis,2007,96,8,90,88687,4.45
869,To Be or Not to Be,1942,99,8.2,86,29958,
870,Battleship Potemkin,1925,66,8,97,53102,0.05
871,The Return,2003,110,8,82,42414,0.5
872,The Discreet Charm of the Bourgeoisie,1972,102,7.9,93,38756,0.2
873,The General,1926,67,8.1,,81218,1.03
874,Pink,2016,136,8.1,,39233,1.24
875,Only Yesterday,1991,118,7.6,90,27099,0.45
876,To Have and Have Not,1944,100,7.8,,31059,
877,Joint Security Area,2000,110,7.8,58,26527,
878,Peeping Tom,1960,101,7.7,,31366,0.08
879,Fearless,2006,104,7.6,70,72878,24.63
880,The Odd Couple,1968,105,7.7,86,31582,44.53
881,No Man's Land,2001,98,7.9,84,44653,1.06
882,Wait Until Dark,1967,108,7.8,81,27746,17.55
883,Mustang,2015,97,7.6,83,35798,0.85
884,The Virgin Spring,1960,89,8.1,,26715,1.53
885,My Father and My Son,2005,112,8.3,,78995,
886,Au Revoir les Enfants,1987,104,8,88,31173,4.54
887,Bajrangi Bhaijaan,2015,163,8,,72293,8.18
888,Jules and Jim,1962,105,7.8,97,37633,
889,Hard Boiled,1992,128,7.8,,46718,
890,"Black Cat, White Cat",1998,127,8.1,73,50878,0.35
891,Confessions,2010,106,7.8,,35727,
892,The Lunchbox,2013,104,7.8,76,50547,4.23
893,"4 Months, 3 Weeks and 2 Days",2007,113,7.9,97,56640,1.19
894,Uri: The Surgical Strike,2018,138,8.2,,43473,4.19
895,Swades,2004,189,8.2,,83031,1.22
896,The Chorus,2004,97,7.9,56,57458,3.64
897,Sleuth,1972,138,8,,44763,4.08
898,The Passion of Joan of Arc,1928,114,8.1,,47742,0.02
899,The Girl Who Leapt Through Time,2006,98,7.7,,60397,
900,Kal ho naa ho,2003,186,8,54,63500,1.79
901,Miracle on 34th Street,1947,96,7.9,88,41643,2.65
902,Love Me If You Dare,2003,93,7.6,45,67379,0.55
903,The Innocents,1961,100,7.8,88,27016,2.62
904,Vivre Sa Vie,1962,85,8,,28081,
905,Sweet Smell of Success,1957,96,8,100,28160,
906,L'Avventura,1960,144,7.9,,26568,
907,Diabolique,1955,117,8,,61520,
908,Key Largo,1948,100,7.8,,37004,
909,Sunrise,1927,94,8.1,,46876,0.54
910,Il Postino,1994,108,7.7,81,33613,21.85
911,Tokyo Godfathers,2003,92,7.8,73,31690,0.13
912,Nights of Cabiria,1957,110,8.1,,42960,0.75
913,Underground,1995,167,8.1,,55248,0.17
914,The Magdalene Sisters,2002,114,7.7,83,25946,4.89
915,Barfi!,2012,151,8.1,,75751,2.8
916,Talvar,2015,132,8.2,,31155,0.34
917,La Strada,1954,108,8,,58339,
918,Interstate 60: Episodes of the Road,2002,116,7.7,,30008,
919,Brief Encounter,1945,86,8,92,35621,
920,Chhichhore,2019,143,8.2,,33945,0.9
921,Queen,2013,146,8.2,,60723,1.43
922,Sanjuro,1962,96,8.1,,33103,
923,Rockstar,2011,159,7.7,,39520,0.99
924,The Past,2013,130,7.8,85,45017,1.33
925,Ace in the Hole,1951,111,8.1,72,31594,3.97
926,The Visitor,2007,104,7.6,79,41551,9.42
927,Kind Hearts and Coronets,1949,106,8,,34493,
928,Nine Queens,2000,114,7.9,80,49741,1.22
929,In America,2002,105,7.7,76,40409,15.54
930,Celda 211,2009,113,7.6,,63904,
931,The Lost Weekend,1945,101,7.9,,33558,9.46
932,Raise the Red Lantern,1991,125,8.1,,29675,2.6
933,In a Better World,2010,118,7.6,65,38493,1.01
934,Fireworks,1997,103,7.8,,27724,0.23
935,Inherit the Wind,1960,128,8.1,75,27268,
936,Lifeboat,1944,97,7.6,78,26479,
937,Hiroshima Mon Amour,1959,90,7.9,,28437,0.09
938,A Night at the Opera,1935,96,7.9,,30584,2.54
939,Farewell My Concubine,1993,171,8.1,,25095,5.22
940,The Shop Around the Corner,1940,99,8.1,96,28462,0.2
941,M.S. Dhoni: The Untold Story,2016,184,7.8,,40455,1.78
942,Love and Death,1975,85,7.7,89,36047,
943,Dil Chahta Hai,2001,183,8.1,,66830,0.3
944,The Purple Rose of Cairo,1985,82,7.7,75,47124,10.63
945,Harvey,1950,104,7.9,,52590,
946,Anand,1971,122,8.4,,30309,
947,Badhaai Ho,2018,124,8,,27996,
948,Duck Soup,1933,69,7.8,93,55592,
949,Departures,2008,130,8.1,68,48597,1.5
950,Sherlock Jr.,1924,45,8.2,,42044,0.98
951,Baahubali 2: The Conclusion,2017,167,8.2,,75399,20.19
952,Baby,2015,159,8,,52863,
953,Joyeux Noel,2005,116,7.7,70,28010,1.05
954,The Exterminating Angel,1962,95,8.1,,29693,
955,The Triplets of Belleville,2003,78,7.8,91,50629,7
956,White Heat,1949,114,8.1,,29823,
957,Kahaani,2012,122,8.1,,57825,1.04
958,Dilwale Dulhania Le Jayenge,1995,181,8.1,,63540,
959,The Killer,1989,111,7.8,82,45638,
960,G.O.R.A.,2004,127,8,,56997,
961,Vampire Hunter D: Bloodlust,2000,103,7.7,62,29219,0.15
962,Haider,2014,160,8.1,,50453,0.9
963,Elite Squad 2: The Enemy Within,2010,115,8,71,79223,0.1
964,Veer-Zaara,2004,192,7.8,67,49102,2.92
965,The Muppet Christmas Carol,1992,85,7.7,64,50315,27.28
966,Knockin' on Heaven's Door,1997,87,8,,27734,0
967,Central Station,1998,115,8,80,36433,5.6
968,The Rules of the Game,1939,110,8,,26742,
969,La Grande Illusion,1937,113,8.1,,33842,0.17
970,The Circus,1928,72,8.1,90,30241,
971,C.R.A.Z.Y.,2005,129,7.9,81,31479,
972,Raazi,2018,138,7.8,,25358,
973,Zelig,1983,79,7.7,,39901,11.8
974,Black,2005,122,8.2,,33365,0.73
975,Hera Pheri,2000,156,8.2,,57087,
976,Jab We Met,2007,138,7.9,,47734,0.41
977,A Wednesday,2008,104,8.1,,73905,
978,Sholay,1975,162,8.2,,51305,
979,Udaan,2010,134,8.2,,42348,0.01
980,Le Dîner de Cons,1998,80,7.7,73,37431,4.07
981,Kai Po Che,2013,120,7.7,40,32647,1.12
982,Special 26,2013,144,8,,51098,1.08
983,Chak De! India,2007,153,8.2,68,74196,1.11
984,Airlift,2016,130,8,,52904,
985,Udta Punjab,2016,148,7.8,,27188,
986,Paan Singh Tomar,2012,135,8.2,,33245,0.04
987,The Edge of Heaven,2007,122,7.8,85,30831,0.74
988,Dev.D,2009,144,8,,28760,0.01
989,Tae Guk Gi: The Brotherhood of War,2004,140,8.1,64,37830,1.11
990,Munna Bhai M.B.B.S.,2003,156,8.1,,74041,
991,Bhaag Milkha Bhaag,2013,186,8.2,,61176,1.63
992,Andaz Apna Apna,1994,160,8.2,,49319,
993,English Vinglish,2012,134,7.8,,33651,1.67
994,OMG: Oh My God!,2012,125,8.1,,51772,0.92
995,Drishyam,2013,160,8.3,,30736,
996,Lage Raho Munna Bhai,2006,144,8,,43167,2.22
997,Vicky Donor,2012,126,7.8,,39716,0.17
998,The Breath,2009,128,8,,31847,
999,Vizontele,2001,110,8,,33613,
